subset,global_engine_id,final_observed_cycle,true_rul,patch_transformer_10x5_mean_b,physics_regime,two_layer_compact_kan_h8,selective_one_sided_aerokan_safety_corrector,critical_boundary_safety_guarded_transformer
FD001,FD001_0001,31,112.0,132.71261596679688,132.74571,131.8106689453125,132.74571,132.74571
FD001,FD001_0002,49,98.0,121.35477447509766,124.14358,132.0886688232422,124.14358,124.14358
FD001,FD001_0003,126,69.0,70.48326873779297,67.2815,66.84153747558594,67.2815,67.2815
FD001,FD001_0004,106,82.0,105.82408142089844,98.792656,102.1412124633789,98.792656,98.792656
FD001,FD001_0005,98,91.0,99.61883544921876,92.76751,95.11048889160156,92.76751,92.76751
FD001,FD001_0006,105,93.0,127.58600616455078,125.21694,131.97344970703125,125.21694,125.21694
FD001,FD001_0007,160,91.0,98.2655792236328,105.08051,109.04436492919922,105.08051,105.08051
FD001,FD001_0008,166,95.0,92.91307067871094,85.7481,87.31716918945312,85.7481,85.7481
FD001,FD001_0009,55,111.0,130.30455017089844,130.79152,138.19219970703125,130.79152,130.79152
FD001,FD001_0010,192,96.0,79.49220275878906,71.39562,71.74876403808594,71.39562,71.39562
FD001,FD001_0011,83,97.0,110.30845642089844,101.9455,105.43580627441406,101.9455,101.9455
FD001,FD001_0012,217,124.0,87.40840148925781,91.10491,93.4674072265625,91.10491,91.10491
FD001,FD001_0013,195,95.0,80.67698669433594,84.23722,85.65524291992188,84.23722,84.23722
FD001,FD001_0014,46,107.0,127.32028198242188,127.690346,138.6124725341797,127.690346,127.690346
FD001,FD001_0015,76,83.0,119.23394012451172,110.51483,115.45977020263672,110.51483,110.51483
FD001,FD001_0016,113,84.0,121.36119842529295,115.90986,121.4803695678711,115.90986,115.90986
FD001,FD001_0017,165,50.0,57.48104095458984,55.293484,53.96212005615234,55.293484,55.293484
FD001,FD001_0018,133,28.0,31.28224372863769,31.388756,28.358556747436523,31.388756,31.388756
FD001,FD001_0019,135,87.0,81.16352844238281,79.631035,80.64405059814453,79.631035,79.631035
FD001,FD001_0020,184,16.0,13.841135025024414,12.08841,8.207019805908203,12.08841,12.08841
FD001,FD001_0021,148,57.0,60.62271499633789,62.786583,62.23393249511719,62.786583,62.786583
FD001,FD001_0022,39,111.0,132.80084228515625,133.22983,145.9792022705078,133.22983,133.22983
FD001,FD001_0023,130,113.0,124.76740264892578,121.529396,127.78714752197266,121.529396,121.529396
FD001,FD001_0024,186,20.0,25.301855087280277,23.239996,19.87657928466797,23.239996,14.5
FD001,FD001_0025,48,145.0,129.7057342529297,131.05238,140.84860229492188,131.05238,131.05238
FD001,FD001_0026,76,119.0,127.82235717773438,127.51903,134.5028533935547,127.51903,127.51903
FD001,FD001_0027,140,66.0,76.87769317626953,73.52529,73.89545440673828,73.52529,73.52529
FD001,FD001_0028,158,97.0,112.20963287353516,110.80341,115.6868667602539,110.80341,110.80341
FD001,FD001_0029,171,90.0,101.36959075927734,107.72874,112.17607879638672,107.72874,107.72874
FD001,FD001_0030,143,115.0,84.15353393554688,87.14903,89.09685516357422,87.14903,87.14903
FD001,FD001_0031,196,8.0,10.893404960632324,9.574381,5.5983662605285645,9.574381,9.574381
FD001,FD001_0032,145,48.0,50.99270248413086,51.171997,49.60539627075195,51.171997,51.171997
FD001,FD001_0033,50,106.0,128.4814453125,127.17732,133.90573120117188,127.17732,127.17732
FD001,FD001_0034,203,7.0,2.8611514568328857,3.053367,0.0,3.053367,3.053367
FD001,FD001_0035,198,11.0,12.238275527954102,12.265411,8.243456840515137,12.265411,12.265411
FD001,FD001_0036,126,19.0,27.954408645629883,26.804775,23.554031372070312,26.804775,26.804775
FD001,FD001_0037,121,21.0,29.30412483215332,29.199337,26.136795043945312,29.199337,29.199337
FD001,FD001_0038,125,50.0,55.294830322265625,50.24015,48.64311981201172,50.24015,50.24015
FD001,FD001_0039,37,142.0,132.89178466796875,133.9988,146.2653045654297,133.9988,133.9988
FD001,FD001_0040,133,28.0,35.14580154418945,32.72041,29.764205932617188,32.72041,32.72041
FD001,FD001_0041,123,18.0,25.06193733215332,25.398481,22.106037139892575,25.398481,25.398481
FD001,FD001_0042,156,10.0,13.984204292297363,13.371783,9.458740234375,13.371783,13.371783
FD001,FD001_0043,172,59.0,59.0108642578125,61.210052,60.23918533325195,61.210052,61.210052
FD001,FD001_0044,54,109.0,126.9384536743164,127.24851,134.013427734375,127.24851,127.24851
FD001,FD001_0045,152,114.0,111.4283676147461,98.14338,101.41325378417967,98.14338,98.14338
FD001,FD001_0046,146,47.0,45.95565414428711,48.041847,46.14189910888672,48.041847,48.041847
FD001,FD001_0047,73,135.0,130.17428588867188,130.40077,137.86659240722656,130.40077,130.40077
FD001,FD001_0048,78,92.0,119.50299835205078,119.993355,126.07795715332033,119.993355,119.993355
FD001,FD001_0049,303,21.0,15.08299732208252,14.849889,10.949565887451172,14.849889,14.849889
FD001,FD001_0050,74,79.0,84.19844055175781,81.590096,82.9930648803711,81.590096,81.590096
FD001,FD001_0051,144,114.0,94.54059600830078,94.571846,97.2981948852539,94.571846,94.571846
FD001,FD001_0052,189,29.0,32.19907760620117,30.363121,27.39512825012207,30.363121,30.363121
FD001,FD001_0053,164,26.0,32.8229866027832,31.663626,28.65199279785156,31.663626,31.663626
FD001,FD001_0054,121,97.0,108.93089294433594,119.16768,125.1491470336914,119.16768,119.16768
FD001,FD001_0055,113,137.0,129.91641235351562,131.87003,139.47695922851562,131.87003,131.87003
FD001,FD001_0056,136,15.0,16.58871078491211,15.34871,11.635443687438965,15.34871,14.5
FD001,FD001_0057,160,103.0,98.71717071533205,96.00096,98.91302490234376,96.00096,96.00096
FD001,FD001_0058,176,37.0,40.31382369995117,41.298206,38.86971664428711,41.298206,41.298206
FD001,FD001_0059,94,114.0,119.15191650390624,117.73077,123.5190658569336,117.73077,117.73077
FD001,FD001_0060,147,100.0,120.47990417480467,122.261665,128.71578979492188,122.261665,122.261665
FD001,FD001_0061,159,21.0,25.52635955810547,25.101189,21.846982955932617,25.101189,25.101189
FD001,FD001_0062,232,54.0,42.04069900512695,43.624573,41.49995422363281,43.624573,43.624573
FD001,FD001_0063,155,72.0,77.37974548339844,76.3478,76.9449234008789,76.3478,76.3478
FD001,FD001_0064,168,28.0,29.31755828857422,28.535526,25.38483047485352,28.535526,28.535526
FD001,FD001_0065,71,128.0,126.1564712524414,128.84703,136.15557861328125,128.84703,128.84703
FD001,FD001_0066,147,14.0,17.629840850830078,15.254275,11.41008758544922,15.254275,14.5
FD001,FD001_0067,71,77.0,130.7925567626953,129.62392,136.87075805664062,129.62392,129.62392
FD001,FD001_0068,187,8.0,8.408038139343262,7.3877697,3.2147326469421387,7.3877697,7.3877697
FD001,FD001_0069,54,121.0,128.2037811279297,127.696465,134.79693603515625,127.696465,127.696465
FD001,FD001_0070,152,94.0,81.07586669921875,84.00553,85.51905059814453,84.00553,84.00553
FD001,FD001_0071,68,118.0,126.229736328125,124.23898,130.87652587890625,124.23898,124.23898
FD001,FD001_0072,131,50.0,67.90878295898438,67.55905,67.32305908203125,67.55905,67.55905
FD001,FD001_0073,112,131.0,105.9219970703125,107.17254,111.5681381225586,107.17254,107.17254
FD001,FD001_0074,137,126.0,124.15179443359376,125.270515,132.11245727539062,125.270515,125.270515
FD001,FD001_0075,88,113.0,126.2908172607422,123.16242,129.6529998779297,123.16242,123.16242
FD001,FD001_0076,205,10.0,8.031181335449219,6.9261703,2.9071712493896484,6.9261703,6.9261703
FD001,FD001_0077,162,34.0,38.4802131652832,37.738056,35.03618621826172,37.738056,37.738056
FD001,FD001_0078,72,107.0,131.45559692382812,133.15045,141.0121307373047,133.15045,133.15045
FD001,FD001_0079,101,63.0,88.01319885253906,73.63766,74.10166931152344,73.63766,73.63766
FD001,FD001_0080,133,90.0,94.72586059570312,97.77642,100.9708251953125,97.77642,97.77642
FD001,FD001_0081,213,8.0,9.45377254486084,10.019451,5.933363914489746,10.019451,10.019451
FD001,FD001_0082,162,9.0,8.368646621704102,8.527153,4.380163669586182,8.527153,8.527153
FD001,FD001_0083,73,137.0,127.0654525756836,128.19823,135.29998779296875,128.19823,128.19823
FD001,FD001_0084,172,58.0,66.99071502685547,61.629684,60.78067398071289,61.629684,61.629684
FD001,FD001_0085,34,118.0,133.12379455566406,133.8482,142.4431915283203,133.8482,133.8482
FD001,FD001_0086,110,89.0,116.14967346191406,119.092705,125.06700134277344,119.092705,119.092705
FD001,FD001_0087,56,116.0,128.96633911132812,130.91241,138.5089111328125,130.91241,130.91241
FD001,FD001_0088,68,115.0,116.6832275390625,111.5476,116.53319549560548,111.5476,111.5476
FD001,FD001_0089,177,136.0,127.1639175415039,126.51647,133.41673278808594,126.51647,126.51647
FD001,FD001_0090,146,28.0,24.14425468444824,21.26845,17.755407333374023,21.26845,14.5
FD001,FD001_0091,234,38.0,35.3015022277832,32.71452,29.79574584960937,32.71452,32.71452
FD001,FD001_0092,150,20.0,22.991575241088867,22.078014,18.721309661865234,22.078014,14.5
FD001,FD001_0093,244,85.0,57.74282836914063,59.66018,58.64860534667969,59.66018,59.66018
FD001,FD001_0094,133,55.0,69.19621276855469,67.33704,66.83782958984375,67.33704,67.33704
FD001,FD001_0095,89,128.0,126.12020111083984,129.2486,136.5829620361328,129.2486,129.2486
FD001,FD001_0096,97,137.0,124.20262908935548,127.32168,134.47354125976562,127.32168,127.32168
FD001,FD001_0097,134,82.0,106.73536682128906,105.782616,109.84862518310548,105.782616,105.782616
FD001,FD001_0098,121,59.0,98.11038970947266,95.60855,98.3504638671875,95.60855,95.60855
FD001,FD001_0099,97,117.0,124.66830444335938,127.73769,134.8854217529297,127.73769,127.73769
FD001,FD001_0100,198,20.0,19.45085906982422,17.27948,13.513662338256836,17.27948,14.5
FD002,FD002_0001,258,18.0,14.638957023620604,13.895925,6.550344467163086,13.895925,13.895925
FD002,FD002_0002,55,79.0,129.2646026611328,125.148926,133.40887451171875,125.148926,125.148926
FD002,FD002_0003,165,106.0,124.44666290283205,127.028694,132.0711669921875,127.028694,127.028694
FD002,FD002_0004,86,110.0,104.04864501953124,100.24116,97.65823364257812,100.24116,100.24116
FD002,FD002_0005,148,15.0,15.46927261352539,13.314455,8.607648849487305,13.314455,13.314455
FD002,FD002_0006,63,155.0,130.31695556640625,129.41272,133.12904357910156,129.41272,129.41272
FD002,FD002_0007,184,6.0,3.369265556335449,5.0884366,0.528775691986084,5.0884366,5.0884366
FD002,FD002_0008,173,90.0,76.62203216552734,80.95798,85.1076889038086,80.95798,80.95798
FD002,FD002_0009,161,11.0,10.999606132507324,10.541581,7.638301372528076,10.541581,10.541581
FD002,FD002_0010,84,79.0,117.12303924560548,117.39295,116.8137664794922,117.39295,117.39295
FD002,FD002_0011,162,6.0,6.30364990234375,6.5138736,4.441288948059082,6.5138736,6.5138736
FD002,FD002_0012,74,73.0,127.96136474609376,124.07536,128.78675842285156,124.07536,124.07536
FD002,FD002_0013,164,30.0,27.41513061523437,28.1274,25.060346603393555,28.1274,28.1274
FD002,FD002_0014,160,11.0,7.08092212677002,7.4784775,0.2282567024230957,7.4784775,7.4784775
FD002,FD002_0015,165,37.0,37.90892791748047,41.752438,35.131134033203125,41.752438,41.752438
FD002,FD002_0016,88,67.0,79.58273315429688,72.497,71.01973724365234,72.497,72.497
FD002,FD002_0017,264,68.0,80.89178466796875,63.634888,59.89261245727539,63.634888,63.634888
FD002,FD002_0018,40,99.0,132.13595581054688,132.6874,146.7408447265625,132.6874,132.6874
FD002,FD002_0019,172,22.0,31.039804458618164,24.764606,23.6760311126709,24.764606,14.764606
FD002,FD002_0020,101,54.0,69.65658569335938,73.55718,69.59408569335938,73.55718,73.55718
FD002,FD002_0021,128,97.0,120.59673309326172,110.60397,115.88998413085938,110.60397,110.60397
FD002,FD002_0022,159,10.0,13.100703239440918,11.726322,7.481326103210449,11.726322,11.726322
FD002,FD002_0023,49,142.0,130.22972106933594,131.91856,140.3640899658203,131.91856,131.91856
FD002,FD002_0024,210,77.0,67.42943572998047,66.6229,60.41847229003906,66.6229,66.6229
FD002,FD002_0025,147,88.0,91.9666748046875,92.523705,92.73966217041016,92.523705,92.523705
FD002,FD002_0026,76,163.0,128.04563903808594,126.77889,133.03652954101562,126.77889,126.77889
FD002,FD002_0027,68,126.0,129.1896514892578,129.90779,138.88729858398438,129.90779,129.90779
FD002,FD002_0028,23,138.0,131.66229248046875,131.72281,131.21023559570312,131.72281,131.72281
FD002,FD002_0029,101,83.0,108.33572387695312,89.235725,86.4224624633789,89.235725,89.235725
FD002,FD002_0030,184,78.0,73.31454467773438,72.729904,73.97362518310547,72.729904,72.729904
FD002,FD002_0031,123,75.0,124.46412658691406,104.30509,109.171142578125,104.30509,104.30509
FD002,FD002_0032,170,11.0,17.200138092041016,15.787438,10.244022369384766,15.787438,14.5
FD002,FD002_0033,135,53.0,87.80427551269531,74.34931,75.13179779052734,74.34931,74.34931
FD002,FD002_0034,52,173.0,132.83465576171875,133.32384,141.76446533203125,133.32384,133.32384
FD002,FD002_0035,77,63.0,77.9915771484375,65.5389,65.3432846069336,65.5389,65.5389
FD002,FD002_0036,163,100.0,92.39193725585938,92.781296,92.1722412109375,92.781296,92.781296
FD002,FD002_0037,49,151.0,132.6287384033203,132.61906,142.5542449951172,132.61906,132.61906
FD002,FD002_0038,127,55.0,67.64054870605469,69.80813,65.39888000488281,69.80813,69.80813
FD002,FD002_0039,149,48.0,66.78282928466797,63.079063,60.56038284301758,63.079063,63.079063
FD002,FD002_0040,183,37.0,42.4786262512207,39.711285,35.22998809814453,38.23882842556,39.711285
FD002,FD002_0041,210,44.0,40.04107284545898,38.589573,35.761104583740234,36.91337225251007,38.589573
FD002,FD002_0042,137,27.0,31.30188369750977,27.373787,23.84541320800781,25.672494604408264,27.373787
FD002,FD002_0043,184,18.0,26.41608047485352,23.635815,17.165828704833984,23.635815,14.5
FD002,FD002_0044,164,6.0,11.018835067749023,10.3676195,8.00541877746582,10.3676195,10.3676195
FD002,FD002_0045,195,15.0,17.191736221313477,15.798855,8.271842956542969,15.798855,14.5
FD002,FD002_0046,132,112.0,123.32400512695312,123.55797,125.64823150634766,123.55797,123.55797
FD002,FD002_0047,81,131.0,106.56881713867188,101.042015,107.4540023803711,101.042015,101.042015
FD002,FD002_0048,132,13.0,13.369133949279783,19.940971,14.592484474182127,18.286936623855592,14.5
FD002,FD002_0049,65,122.0,119.59036254882812,117.6558,116.28868865966795,117.6558,117.6558
FD002,FD002_0050,164,13.0,9.057719230651855,7.1000257,2.3815712928771973,7.1000257,7.1000257
FD002,FD002_0051,37,98.0,132.05908203125,132.63345,145.72653198242188,132.63345,132.63345
FD002,FD002_0052,165,53.0,65.07345581054688,68.89198,63.30493927001953,68.89198,68.89198
FD002,FD002_0053,149,52.0,64.99935913085938,60.873478,59.75171661376953,60.873478,60.873478
FD002,FD002_0054,74,106.0,122.41912841796876,125.70237,133.87037658691406,125.70237,125.70237
FD002,FD002_0055,123,103.0,123.65081787109376,114.76261,114.8107681274414,114.76261,114.76261
FD002,FD002_0056,73,152.0,131.96630859375,132.16373,141.27734375,132.16373,132.16373
FD002,FD002_0057,76,123.0,131.11721801757812,132.11597,137.23190307617188,132.11597,132.11597
FD002,FD002_0058,247,26.0,31.40754127502441,28.831871,22.209346771240234,28.831871,28.831871
FD002,FD002_0059,22,178.0,130.94107055664062,131.89359,131.25953674316406,131.89359,131.89359
FD002,FD002_0060,144,73.0,88.88734436035156,93.00793,94.57040405273438,93.00793,93.00793
FD002,FD002_0061,70,169.0,108.28478240966795,99.31953,96.4541015625,99.31953,99.31953
FD002,FD002_0062,205,39.0,38.31245040893555,36.470467,35.61685562133789,36.470467,36.470467
FD002,FD002_0063,174,39.0,41.3891487121582,42.50168,39.10011672973633,42.50168,42.50168
FD002,FD002_0064,233,14.0,18.09268951416016,16.508354,12.38078784942627,16.508354,14.5
FD002,FD002_0065,367,11.0,18.507598876953125,12.780876,6.883474349975586,12.780876,12.780876
FD002,FD002_0066,63,121.0,127.8885498046875,127.51882,133.23870849609375,127.51882,127.51882
FD002,FD002_0067,146,86.0,83.66232299804688,81.78222,81.50914001464844,81.78222,81.78222
FD002,FD002_0068,218,56.0,64.01013946533203,65.14565,64.81365203857422,65.14565,65.14565
FD002,FD002_0069,158,115.0,122.23674774169922,121.742546,127.11729431152344,121.742546,121.742546
FD002,FD002_0070,264,17.0,14.772805213928224,15.212322,12.62717056274414,15.212322,14.5
FD002,FD002_0071,65,148.0,132.19503784179688,131.36568,137.2792510986328,131.36568,131.36568
FD002,FD002_0072,143,104.0,107.94940948486328,111.79754,116.07378387451172,111.79754,111.79754
FD002,FD002_0073,151,78.0,65.94682312011719,64.95057,58.774658203125,64.95057,64.95057
FD002,FD002_0074,103,86.0,124.81608581542967,121.92637,123.61876678466795,121.92637,121.92637
FD002,FD002_0075,192,98.0,79.26131439208984,79.777435,76.8559341430664,79.777435,79.777435
FD002,FD002_0076,222,36.0,50.21664047241211,46.6642,46.89964294433594,46.6642,46.6642
FD002,FD002_0077,67,94.0,93.29766845703124,89.36167,86.77156066894531,89.36167,89.36167
FD002,FD002_0078,128,52.0,57.95880889892578,52.784378,53.96160507202149,52.784378,52.784378
FD002,FD002_0079,113,91.0,120.5396728515625,115.52253,121.88899230957033,115.52253,115.52253
FD002,FD002_0080,278,15.0,10.71835708618164,10.131785,3.4772534370422363,10.131785,10.131785
FD002,FD002_0081,76,141.0,119.39676666259766,104.72112,104.99333190917967,104.72112,104.72112
FD002,FD002_0082,96,74.0,91.4339370727539,88.340294,87.61052703857422,88.340294,88.340294
FD002,FD002_0083,21,146.0,133.08009338378906,133.52791,133.148193359375,133.52791,133.52791
FD002,FD002_0084,204,17.0,15.386309623718262,13.393968,5.846639633178711,13.393968,13.393968
FD002,FD002_0085,183,47.0,47.31806945800781,47.884907,44.128299713134766,45.93214320414734,47.884907
FD002,FD002_0086,83,194.0,126.76693725585938,126.80557,136.29214477539062,126.80557,126.80557
FD002,FD002_0087,131,21.0,24.65817070007324,23.397367,15.921335220336914,23.397367,14.5
FD002,FD002_0088,166,79.0,84.98243713378906,88.534996,91.46467590332033,88.534996,88.534996
FD002,FD002_0089,59,97.0,112.9598617553711,119.020744,120.49797058105467,119.020744,119.020744
FD002,FD002_0090,163,8.0,8.71654987335205,7.7643714,3.175331115722656,7.7643714,7.7643714
FD002,FD002_0091,278,9.0,0.7375155091285706,1.7770772,0.0,1.7770772,1.7770772
FD002,FD002_0092,123,73.0,82.95594787597656,89.40301,92.24032592773438,89.40301,89.40301
FD002,FD002_0093,76,183.0,124.5099639892578,124.69398,129.60885620117188,124.69398,124.69398
FD002,FD002_0094,117,97.0,114.94971466064452,100.083954,97.35587310791016,100.083954,100.083954
FD002,FD002_0095,78,73.0,117.48020935058594,90.57617,89.95965576171875,90.57617,90.57617
FD002,FD002_0096,140,49.0,91.9443130493164,77.32976,75.24860382080078,77.32976,77.32976
FD002,FD002_0097,213,31.0,25.125459671020508,24.932167,21.24172019958496,24.932167,14.932167
FD002,FD002_0098,113,97.0,121.25879669189452,120.59208,125.7873764038086,120.59208,120.59208
FD002,FD002_0099,163,9.0,5.924198627471924,5.442241,0.0,5.442241,5.442241
FD002,FD002_0100,149,14.0,17.755983352661133,15.228517,7.944613456726074,15.228517,14.5
FD002,FD002_0101,38,106.0,131.3702392578125,131.83658,145.136474609375,131.83658,131.83658
FD002,FD002_0102,122,8.0,4.381087779998779,5.360495,0.8291406631469727,5.360495,5.360495
FD002,FD002_0103,186,8.0,6.635085105895996,4.8868814,0.0,4.8868814,4.8868814
FD002,FD002_0104,141,106.0,119.9395751953125,112.34529,112.4815902709961,112.34529,112.34529
FD002,FD002_0105,61,116.0,128.48268127441406,128.6022,129.71597290039062,128.6022,128.6022
FD002,FD002_0106,72,120.0,122.50311279296876,120.60749,123.25464630126952,120.60749,120.60749
FD002,FD002_0107,132,61.0,45.80459976196289,52.38618,50.48196792602539,50.4872132107544,52.38618
FD002,FD002_0108,174,168.0,119.89149475097656,107.944374,110.23226928710938,107.944374,107.944374
FD002,FD002_0109,144,35.0,40.56246948242188,41.48634,34.680198669433594,40.420985533561705,41.48634
FD002,FD002_0110,219,80.0,69.87104797363281,70.91312,73.70197296142578,70.91312,70.91312
FD002,FD002_0111,131,9.0,18.57952117919922,17.678616,15.736425399780272,17.678616,14.5
FD002,FD002_0112,109,50.0,77.8484878540039,60.50769,58.706153869628906,60.50769,60.50769
FD002,FD002_0113,45,151.0,131.81326293945312,131.691,143.07296752929688,131.691,131.691
FD002,FD002_0114,153,78.0,125.20204162597656,122.1271,123.76585388183594,122.1271,122.1271
FD002,FD002_0115,210,91.0,66.68867492675781,63.17902,57.51085662841797,63.17902,63.17902
FD002,FD002_0116,171,7.0,0.6382663249969482,1.420646,0.0,1.420646,1.420646
FD002,FD002_0117,55,181.0,129.0439453125,128.67575,136.82029724121094,128.67575,128.67575
FD002,FD002_0118,97,150.0,116.55235290527344,114.05619,115.3861846923828,114.05619,114.05619
FD002,FD002_0119,202,106.0,105.3086929321289,110.831474,114.71492004394533,110.831474,110.831474
FD002,FD002_0120,160,15.0,18.19171905517578,16.956488,15.450708389282228,16.956488,14.5
FD002,FD002_0121,59,67.0,110.24832153320312,99.58048,97.1283187866211,99.58048,99.58048
FD002,FD002_0122,29,145.0,131.22030639648438,131.8565,128.92333984375,131.8565,131.8565
FD002,FD002_0123,61,180.0,128.53826904296875,126.0837,126.9051742553711,126.0837,126.0837
FD002,FD002_0124,149,7.0,10.002755165100098,8.658829,6.101164817810059,8.658829,8.658829
FD002,FD002_0125,79,179.0,128.91184997558594,128.45876,134.43771362304688,128.45876,128.45876
FD002,FD002_0126,99,124.0,113.722900390625,94.32121,95.65055847167967,94.32121,94.32121
FD002,FD002_0127,126,82.0,67.82360076904297,68.6217,67.26350402832031,68.6217,68.6217
FD002,FD002_0128,110,108.0,96.8580322265625,100.07465,101.8892822265625,100.07465,100.07465
FD002,FD002_0129,218,79.0,71.771240234375,75.51162,71.32167053222656,75.51162,75.51162
FD002,FD002_0130,141,121.0,126.92823028564452,128.19868,134.55885314941406,128.19868,128.19868
FD002,FD002_0131,73,120.0,126.5107192993164,128.73265,135.28958129882812,128.73265,128.73265
FD002,FD002_0132,122,39.0,51.68709945678711,52.23391,52.05486679077149,52.23391,52.23391
FD002,FD002_0133,186,38.0,49.33061599731445,47.147705,45.53160095214844,47.147705,47.147705
FD002,FD002_0134,186,9.0,6.971848964691162,4.7399354,0.2902436256408691,4.7399354,4.7399354
FD002,FD002_0135,120,167.0,128.89744567871094,128.56917,137.41864013671875,128.56917,128.56917
FD002,FD002_0136,77,87.0,116.30715942382812,110.90078,111.5344009399414,110.90078,110.90078
FD002,FD002_0137,226,88.0,85.26889038085938,85.354095,82.09349060058594,85.354095,85.354095
FD002,FD002_0138,200,7.0,0.5223617553710938,1.4687307,0.0,1.4687307,1.4687307
FD002,FD002_0139,116,51.0,65.52291107177734,66.52468,66.52291107177734,66.52468,66.52468
FD002,FD002_0140,306,55.0,56.61791610717773,56.622078,51.56648254394531,56.622078,56.622078
FD002,FD002_0141,69,155.0,128.32485961914062,125.61249,133.82907104492188,125.61249,125.61249
FD002,FD002_0142,163,47.0,40.626346588134766,39.841583,38.47966384887695,39.841583,39.841583
FD002,FD002_0143,226,81.0,75.19186401367188,70.27463,64.84635925292969,70.27463,70.27463
FD002,FD002_0144,143,43.0,31.22818374633789,34.703533,29.940990447998047,32.943866557128906,34.703533
FD002,FD002_0145,142,98.0,94.97628784179688,77.958046,77.55640411376953,77.958046,77.958046
FD002,FD002_0146,144,10.0,10.274174690246582,8.773483,4.155765533447266,8.773483,8.773483
FD002,FD002_0147,78,92.0,127.23538208007812,127.117195,135.14675903320312,127.117195,127.117195
FD002,FD002_0148,157,11.0,13.828746795654297,11.708719,7.577025890350342,11.708719,11.708719
FD002,FD002_0149,70,165.0,131.2823944091797,131.0473,137.93447875976562,131.0473,131.0473
FD002,FD002_0150,196,34.0,29.107467651367188,29.261148,24.120832443237305,29.261148,29.261148
FD002,FD002_0151,141,115.0,109.46299743652344,112.73293,119.05769348144533,112.73293,112.73293
FD002,FD002_0152,90,59.0,64.59850311279297,58.62034,53.09212875366211,58.62034,58.62034
FD002,FD002_0153,146,99.0,95.948486328125,92.947945,98.23694610595705,92.947945,92.947945
FD002,FD002_0154,58,103.0,128.80117797851562,124.763885,128.60047912597656,124.763885,124.763885
FD002,FD002_0155,72,108.0,130.3883514404297,130.79271,133.4331817626953,130.79271,130.79271
FD002,FD002_0156,75,83.0,130.8494873046875,127.54273,130.49266052246094,127.54273,127.54273
FD002,FD002_0157,161,171.0,126.74641418457033,123.6312,126.87339782714844,123.6312,123.6312
FD002,FD002_0158,171,15.0,23.76329040527344,20.888945,15.098669052124023,19.072476045913696,14.5
FD002,FD002_0159,187,9.0,7.392137050628662,12.2684765,5.122411251068115,12.2684765,12.2684765
FD002,FD002_0160,124,42.0,50.381465911865234,47.518257,45.4809799194336,47.518257,47.518257
FD002,FD002_0161,174,13.0,19.11991310119629,17.291723,13.226011276245115,15.257585035751344,14.5
FD002,FD002_0162,185,41.0,54.07623291015625,49.996834,43.68617630004883,49.996834,49.996834
FD002,FD002_0163,144,88.0,129.03614807128906,126.91979,131.73680114746094,126.91979,126.91979
FD002,FD002_0164,199,14.0,10.352768898010254,10.685089,4.738977909088135,10.685089,10.685089
FD002,FD002_0165,35,155.0,133.00692749023438,133.44948,142.77688598632812,133.44948,133.44948
FD002,FD002_0166,97,188.0,130.5702667236328,129.63466,138.1483154296875,129.63466,129.63466
FD002,FD002_0167,78,96.0,102.54499816894533,88.223274,90.85334014892578,88.223274,88.223274
FD002,FD002_0168,107,82.0,73.23097229003906,70.571045,65.69070434570312,70.571045,70.571045
FD002,FD002_0169,80,135.0,127.25801849365234,127.11756,133.23345947265625,127.11756,127.11756
FD002,FD002_0170,85,182.0,120.7890853881836,122.06284,126.2528305053711,122.06284,122.06284
FD002,FD002_0171,243,36.0,43.95875930786133,45.273125,40.33339309692383,43.99382037639618,45.273125
FD002,FD002_0172,128,107.0,127.45199584960938,130.53426,134.83802795410156,130.53426,130.53426
FD002,FD002_0173,117,14.0,12.717696189880373,12.188901,8.513431549072266,12.188901,12.188901
FD002,FD002_0174,51,95.0,125.034912109375,120.76836,121.69685363769533,120.76836,120.76836
FD002,FD002_0175,83,142.0,131.81753540039062,131.55911,136.37005615234375,131.55911,131.55911
FD002,FD002_0176,200,23.0,22.158327102661133,19.589573,13.357590675354004,19.589573,14.5
FD002,FD002_0177,191,6.0,7.848676681518555,6.1071525,0.0,6.1071525,6.1071525
FD002,FD002_0178,54,144.0,130.64132690429688,130.34982,135.9779510498047,130.34982,130.34982
FD002,FD002_0179,156,35.0,37.71280288696289,38.65418,33.37411880493164,36.97477371471405,38.65418
FD002,FD002_0180,154,97.0,83.08952331542969,96.01719,99.69605255126952,96.01719,96.01719
FD002,FD002_0181,199,68.0,62.228816986083984,70.24414,70.6399154663086,70.24414,70.24414
FD002,FD002_0182,134,14.0,18.235706329345703,17.5105,11.062564849853516,17.5105,14.5
FD002,FD002_0183,150,67.0,76.91250610351562,72.35578,72.99191284179688,72.35578,72.35578
FD002,FD002_0184,64,191.0,132.72540283203125,133.0019,143.15013122558594,133.0019,133.0019
FD002,FD002_0185,254,19.0,13.868535995483398,10.221345,8.235869407653809,10.221345,10.221345
FD002,FD002_0186,166,10.0,5.465890884399414,6.0394797,0.0,6.0394797,6.0394797
FD002,FD002_0187,84,158.0,130.8556671142578,131.17224,137.77146911621094,131.17224,131.17224
FD002,FD002_0188,86,183.0,129.89138793945312,128.09508,137.7645263671875,128.09508,128.09508
FD002,FD002_0189,178,43.0,59.54901123046875,52.354843,47.88857269287109,52.354843,52.354843
FD002,FD002_0190,158,12.0,10.82595443725586,13.367995,8.929215431213379,13.367995,13.367995
FD002,FD002_0191,95,148.0,126.3520050048828,128.5122,137.0086669921875,128.5122,128.5122
FD002,FD002_0192,161,13.0,11.96302604675293,16.206924,9.687335968017578,16.206924,14.5
FD002,FD002_0193,245,37.0,37.97929000854492,37.602875,34.948612213134766,36.6013724861145,37.602875
FD002,FD002_0194,50,122.0,127.61256408691406,125.83353,131.9375,125.83353,125.83353
FD002,FD002_0195,262,80.0,65.62327575683594,62.707108,57.19207000732422,62.707108,62.707108
FD002,FD002_0196,109,93.0,127.71405792236328,120.41888,127.81184387207033,120.41888,120.41888
FD002,FD002_0197,59,132.0,129.15786743164062,129.79002,136.53677368164062,129.79002,129.79002
FD002,FD002_0198,120,32.0,44.63536834716797,43.50676,39.23278427124024,41.49982797981262,43.50676
FD002,FD002_0199,117,103.0,106.78048706054688,102.61791,107.01737213134766,102.61791,102.61791
FD002,FD002_0200,60,174.0,129.0080108642578,128.83543,132.8433074951172,128.83543,128.83543
FD002,FD002_0201,25,111.0,133.91867065429688,134.01712,129.38839721679688,134.01712,134.01712
FD002,FD002_0202,124,68.0,79.78562927246094,91.53236,90.13018035888672,91.53236,91.53236
FD002,FD002_0203,115,192.0,132.72596740722656,132.36935,139.4866485595703,132.36935,132.36935
FD002,FD002_0204,41,121.0,131.03253173828125,128.64621,140.33050537109375,128.64621,128.64621
FD002,FD002_0205,31,134.0,130.3025360107422,130.47006,125.30225372314452,130.47006,130.47006
FD002,FD002_0206,162,48.0,56.70795440673828,56.50271,51.66033935546875,56.50271,56.50271
FD002,FD002_0207,141,85.0,124.18138122558594,120.497,122.9832000732422,120.497,120.497
FD002,FD002_0208,166,8.0,10.62010383605957,9.691082,5.412535667419434,9.691082,9.691082
FD002,FD002_0209,131,23.0,23.90218162536621,28.121056,23.184659957885746,26.33938674092865,28.121056
FD002,FD002_0210,182,8.0,6.043096542358398,4.098181,0.0,4.098181,4.098181
FD002,FD002_0211,155,6.0,4.68930196762085,4.471769,0.0,4.471769,4.471769
FD002,FD002_0212,187,57.0,66.07191467285156,62.468212,64.44811248779297,62.468212,62.468212
FD002,FD002_0213,159,83.0,107.7562255859375,97.85061,100.71058654785156,97.85061,97.85061
FD002,FD002_0214,75,172.0,122.72962951660156,117.68583,120.69540405273438,117.68583,117.68583
FD002,FD002_0215,71,101.0,125.71296691894533,125.59128,133.69265747070312,125.59128,125.59128
FD002,FD002_0216,100,81.0,116.7063446044922,98.17298,95.49855041503906,98.17298,98.17298
FD002,FD002_0217,49,86.0,132.68356323242188,133.00359,139.65151977539062,133.00359,133.00359
FD002,FD002_0218,33,165.0,132.9311981201172,132.04994,133.20184326171875,132.04994,132.04994
FD002,FD002_0219,161,73.0,79.02685546875,80.38721,81.91072845458984,80.38721,80.38721
FD002,FD002_0220,54,121.0,131.9249267578125,130.0388,138.6328125,130.0388,130.0388
FD002,FD002_0221,55,139.0,117.28277587890624,120.22622,127.54885864257812,120.22622,120.22622
FD002,FD002_0222,180,75.0,54.53246688842773,57.48989,52.23431015014648,57.48989,57.48989
FD002,FD002_0223,29,151.0,132.9508056640625,132.45872,129.54547119140625,132.45872,132.45872
FD002,FD002_0224,43,145.0,133.22061157226562,132.89394,144.34332275390625,132.89394,132.89394
FD002,FD002_0225,166,11.0,11.52074146270752,10.583624,3.529170036315918,10.583624,10.583624
FD002,FD002_0226,165,108.0,89.59538269042969,74.25556,75.5132827758789,74.25556,74.25556
FD002,FD002_0227,180,14.0,12.777470588684082,11.160025,6.784218311309815,11.160025,11.160025
FD002,FD002_0228,44,126.0,129.764892578125,131.0542,143.91305541992188,131.0542,131.0542
FD002,FD002_0229,109,61.0,90.83439636230467,92.13291,92.36917114257812,92.13291,92.13291
FD002,FD002_0230,125,85.0,128.35342407226562,124.58452,130.8964385986328,124.58452,124.58452
FD002,FD002_0231,187,8.0,10.35584831237793,7.1867266,2.192134380340576,7.1867266,7.1867266
FD002,FD002_0232,159,101.0,72.5670166015625,67.73332,64.2178726196289,67.73332,67.73332
FD002,FD002_0233,40,153.0,131.4840087890625,130.2022,139.18020629882812,130.2022,130.2022
FD002,FD002_0234,147,89.0,101.35523986816406,109.40077,113.4458999633789,109.40077,109.40077
FD002,FD002_0235,102,190.0,131.37008666992188,130.964,132.78871154785156,130.964,130.964
FD002,FD002_0236,274,12.0,15.973443031311035,15.891797,10.011638641357422,14.184333973953247,14.5
FD002,FD002_0237,235,62.0,82.6650390625,75.235954,70.88038635253906,75.235954,75.235954
FD002,FD002_0238,94,134.0,129.32781982421875,126.77677,129.49551391601562,126.77677,126.77677
FD002,FD002_0239,106,101.0,126.01432037353516,128.26323,131.32015991210938,128.26323,128.26323
FD002,FD002_0240,50,121.0,124.12214660644533,110.63047,115.20955657958984,110.63047,110.63047
FD002,FD002_0241,44,167.0,130.37298583984375,131.79044,145.06460571289062,131.79044,131.79044
FD002,FD002_0242,194,17.0,15.253581047058104,12.840382,6.243027687072754,12.840382,12.840382
FD002,FD002_0243,40,161.0,131.37132263183594,132.35522,144.7320098876953,132.35522,132.35522
FD002,FD002_0244,49,181.0,130.98696899414062,131.81842,140.29112243652344,131.81842,131.81842
FD002,FD002_0245,265,16.0,10.356338500976562,9.516905,3.450075149536133,9.516905,9.516905
FD002,FD002_0246,80,152.0,130.73834228515625,128.43896,132.34420776367188,128.43896,128.43896
FD002,FD002_0247,87,148.0,131.41278076171875,131.92757,137.83786010742188,131.92757,131.92757
FD002,FD002_0248,162,56.0,65.779052734375,61.793148,56.93538665771485,61.793148,61.793148
FD002,FD002_0249,36,111.0,131.980224609375,132.74954,141.62416076660156,132.74954,132.74954
FD002,FD002_0250,234,23.0,17.710304260253906,16.516783,9.363996505737305,16.516783,14.5
FD002,FD002_0251,64,84.0,124.5131378173828,122.18613,128.0560760498047,122.18613,122.18613
FD002,FD002_0252,249,12.0,9.28440284729004,8.532837,1.3841700553894043,8.532837,8.532837
FD002,FD002_0253,139,43.0,37.743499755859375,40.196007,36.51509475708008,40.196007,40.196007
FD002,FD002_0254,131,48.0,50.25973892211914,53.375748,51.99420166015625,51.40747841343689,53.375748
FD002,FD002_0255,150,122.0,129.88055419921875,128.95335,137.49948120117188,128.95335,128.95335
FD002,FD002_0256,59,191.0,126.77005004882812,117.9154,118.69756317138672,117.9154,117.9154
FD002,FD002_0257,199,56.0,50.2435188293457,51.250492,46.6585693359375,49.567390822784425,51.250492
FD002,FD002_0258,98,131.0,125.05696105957033,129.13823,137.9683380126953,129.13823,129.13823
FD002,FD002_0259,123,51.0,77.52108764648438,68.55511,69.30052185058594,68.55511,68.55511
FD003,FD003_0001,233,44.0,59.68511581420898,51.87365,50.251441955566406,51.87365,51.87365
FD003,FD003_0002,124,51.0,57.51737594604492,53.49628,52.05813217163086,53.49628,53.49628
FD003,FD003_0003,234,27.0,34.16667938232422,29.561665,26.338024139404297,29.561665,29.561665
FD003,FD003_0004,68,120.0,129.79086303710938,131.0431,138.46937561035156,131.0431,131.0431
FD003,FD003_0005,138,101.0,105.24612426757812,91.55974,94.0808563232422,91.55974,91.55974
FD003,FD003_0006,64,99.0,122.63080596923828,125.24451,131.82040405273438,125.24451,125.24451
FD003,FD003_0007,158,71.0,70.61277770996094,61.0045,60.12584686279297,61.0045,61.0045
FD003,FD003_0008,192,55.0,68.62623596191406,60.67748,59.75912094116211,60.67748,60.67748
FD003,FD003_0009,238,55.0,51.96957015991211,46.570538,44.52330017089844,46.570538,46.570538
FD003,FD003_0010,131,66.0,76.34642028808594,78.254234,79.17485809326172,78.254234,78.254234
FD003,FD003_0011,103,77.0,102.19458770751952,99.620804,103.23181915283205,99.620804,99.620804
FD003,FD003_0012,146,115.0,125.21390533447266,124.1224,130.7210235595703,124.1224,124.1224
FD003,FD003_0013,65,115.0,128.03912353515625,129.56879,136.80775451660156,129.56879,129.56879
FD003,FD003_0014,169,31.0,38.95415496826172,35.800156,33.07707214355469,35.800156,35.800156
FD003,FD003_0015,112,108.0,124.68601989746094,129.52017,136.9178466796875,129.52017,129.52017
FD003,FD003_0016,126,56.0,85.05039978027344,77.71943,78.63156127929688,77.71943,77.71943
FD003,FD003_0017,230,136.0,124.02384948730467,126.65571,133.62599182128906,126.65571,126.65571
FD003,FD003_0018,244,132.0,113.0423812866211,113.35017,118.6201629638672,113.35017,113.35017
FD003,FD003_0019,115,85.0,114.95831298828124,112.72206,117.7947235107422,112.72206,112.72206
FD003,FD003_0020,207,56.0,53.6767463684082,53.975647,52.54639053344727,53.975647,53.975647
FD003,FD003_0021,263,18.0,15.823321342468262,12.813304,9.058177947998049,12.813304,12.813304
FD003,FD003_0022,119,119.0,127.34464263916016,127.96836,135.16554260253906,127.96836,127.96836
FD003,FD003_0023,405,78.0,67.30744171142578,76.96155,77.63557434082031,76.96155,76.96155
FD003,FD003_0024,475,9.0,6.365315437316895,6.544271,2.325267791748047,6.544271,6.544271
FD003,FD003_0025,169,58.0,55.1655387878418,54.28677,52.76420211791992,54.28677,54.28677
FD003,FD003_0026,130,11.0,14.30136775970459,12.206238,8.304737091064453,12.206238,12.206238
FD003,FD003_0027,104,88.0,120.4705810546875,122.90175,129.3778533935547,122.90175,122.90175
FD003,FD003_0028,70,144.0,129.3815155029297,130.77745,138.23641967773438,130.77745,130.77745
FD003,FD003_0029,89,124.0,124.29655456542967,121.43247,127.63941955566406,121.43247,121.43247
FD003,FD003_0030,333,89.0,91.5312728881836,97.39134,100.6272964477539,97.39134,97.39134
FD003,FD003_0031,152,79.0,95.47591400146484,101.86346,105.7024383544922,101.86346,101.86346
FD003,FD003_0032,120,55.0,67.05516052246094,62.313942,61.455448150634766,62.313942,62.313942
FD003,FD003_0033,180,71.0,69.06049346923828,71.345375,71.55331420898438,71.345375,71.345375
FD003,FD003_0034,105,65.0,116.81936645507812,110.39918,115.26400756835938,110.39918,110.39918
FD003,FD003_0035,144,87.0,119.21900939941406,122.787506,129.11476135253906,122.787506,122.787506
FD003,FD003_0036,90,137.0,128.8444366455078,130.95229,138.49755859375,130.95229,130.95229
FD003,FD003_0037,47,145.0,132.80755615234375,133.54204,144.47784423828125,133.54204,133.54204
FD003,FD003_0038,133,22.0,26.873802185058597,26.43399,23.19883346557617,26.43399,26.43399
FD003,FD003_0039,310,8.0,7.504802703857422,4.6655817,0.4677939414978027,4.6655817,4.6655817
FD003,FD003_0040,313,41.0,42.828006744384766,42.19508,39.93377304077149,42.19508,42.19508
FD003,FD003_0041,101,131.0,132.81387329101562,133.78477,141.75244140625,133.78477,133.78477
FD003,FD003_0042,87,115.0,121.84407043457033,120.554276,126.66051483154295,120.554276,120.554276
FD003,FD003_0043,133,128.0,128.78692626953125,129.63248,136.95257568359375,129.63248,129.63248
FD003,FD003_0044,146,69.0,64.75635528564453,65.551186,65.09913635253906,65.551186,65.551186
FD003,FD003_0045,88,111.0,131.213623046875,132.57545,140.2386932373047,132.57545,132.57545
FD003,FD003_0046,180,7.0,10.532109260559082,7.501715,3.351255416870117,7.501715,7.501715
FD003,FD003_0047,56,137.0,120.44410705566406,120.76156,126.87367248535156,120.76156,120.76156
FD003,FD003_0048,179,55.0,60.44435501098633,60.868263,59.85590744018555,60.868263,60.868263
FD003,FD003_0049,211,135.0,122.87165069580078,124.2752,131.06167602539062,124.2752,124.2752
FD003,FD003_0050,147,11.0,16.019119262695312,13.431562,9.60344696044922,13.431562,13.431562
FD003,FD003_0051,118,78.0,97.56575012207033,91.71953,94.08747863769533,91.71953,91.71953
FD003,FD003_0052,38,120.0,127.81178283691406,129.51201,141.89877319335938,129.51201,129.51201
FD003,FD003_0053,108,87.0,108.19583129882812,108.45561,113.04916381835938,108.45561,108.45561
FD003,FD003_0054,50,87.0,132.12255859375,131.92195,139.37643432617188,131.92195,131.92195
FD003,FD003_0055,203,55.0,42.86366271972656,41.776104,39.3255500793457,41.776104,41.776104
FD003,FD003_0056,162,93.0,89.55961608886719,86.41191,88.16827392578125,86.41191,86.41191
FD003,FD003_0057,158,88.0,67.47888946533203,70.761986,70.74173736572266,70.761986,70.761986
FD003,FD003_0058,119,40.0,45.38135147094727,42.18274,39.97963333129883,42.18274,42.18274
FD003,FD003_0059,149,49.0,53.542476654052734,54.992805,53.64034271240234,54.992805,54.992805
FD003,FD003_0060,112,128.0,128.44407653808594,128.44484,135.50057983398438,128.44484,128.44484
FD003,FD003_0061,78,129.0,132.27471923828125,133.13686,140.89431762695312,133.13686,133.13686
FD003,FD003_0062,224,58.0,54.75835800170898,56.93308,55.737098693847656,56.93308,56.93308
FD003,FD003_0063,137,117.0,129.92178344726562,129.81956,137.37908935546875,129.81956,129.81956
FD003,FD003_0064,271,28.0,27.843400955200195,23.796072,20.42082977294922,23.796072,14.5
FD003,FD003_0065,79,115.0,129.724609375,130.24731,137.57772827148438,130.24731,130.24731
FD003,FD003_0066,122,87.0,110.37721252441406,111.559525,116.39361572265624,111.559525,111.559525
FD003,FD003_0067,186,92.0,116.71361541748048,121.447044,127.6990966796875,121.447044,121.447044
FD003,FD003_0068,188,103.0,112.0841064453125,103.247635,107.21676635742188,103.247635,103.247635
FD003,FD003_0069,105,100.0,131.08468627929688,132.57907,140.33726501464844,132.57907,132.57907
FD003,FD003_0070,84,63.0,83.12277221679688,79.49346,80.2948226928711,79.49346,79.49346
FD003,FD003_0071,367,35.0,35.96815872192383,32.49999,29.33561134338379,32.49999,32.49999
FD003,FD003_0072,232,45.0,53.00406646728516,50.93335,49.227840423583984,50.93335,50.93335
FD003,FD003_0073,109,99.0,121.0929183959961,122.572845,128.84349060058594,122.572845,122.572845
FD003,FD003_0074,68,117.0,131.524169921875,132.27534,139.97369384765625,132.27534,132.27534
FD003,FD003_0075,191,45.0,39.26919555664063,42.242474,39.90510559082031,42.242474,42.242474
FD003,FD003_0076,180,27.0,24.32708168029785,24.367844,20.99128150939941,24.367844,14.5
FD003,FD003_0077,381,86.0,67.21992492675781,73.194984,73.51727294921875,73.194984,73.194984
FD003,FD003_0078,279,20.0,26.14441680908203,22.74818,19.247468948364254,22.74818,14.5
FD003,FD003_0079,170,18.0,19.45516586303711,19.213356,15.558411598205566,19.213356,14.5
FD003,FD003_0080,85,133.0,123.78854370117188,117.38906,123.2899398803711,117.38906,117.38906
FD003,FD003_0081,155,15.0,18.894643783569336,15.341195,11.558679580688477,15.341195,14.5
FD003,FD003_0082,194,6.0,7.148104190826416,6.9861794,2.739781379699707,6.9861794,6.9861794
FD003,FD003_0083,168,145.0,112.42594909667967,111.199974,115.97544860839844,111.199974,111.199974
FD003,FD003_0084,76,104.0,92.23818969726562,88.7565,90.84940338134766,88.7565,88.7565
FD003,FD003_0085,118,56.0,95.41424560546876,99.71729,103.16765594482422,99.71729,99.71729
FD003,FD003_0086,174,25.0,23.685039520263672,23.992512,20.52882957458496,23.992512,14.5
FD003,FD003_0087,218,68.0,64.05532836914062,65.85662,65.59465026855469,65.85662,65.85662
FD003,FD003_0088,41,144.0,129.30453491210938,130.42462,143.1602020263672,130.42462,130.42462
FD003,FD003_0089,120,41.0,57.38340377807617,58.056915,57.055213928222656,58.056915,58.056915
FD003,FD003_0090,206,51.0,55.74301528930664,56.62548,55.41620635986328,56.62548,56.62548
FD003,FD003_0091,56,81.0,121.3172607421875,121.90324,128.06045532226562,121.90324,121.90324
FD003,FD003_0092,266,14.0,13.533048629760742,11.807407,7.841036319732666,11.807407,11.807407
FD003,FD003_0093,158,67.0,71.46968078613281,71.28451,71.54264831542969,71.28451,71.28451
FD003,FD003_0094,333,10.0,8.139327049255371,5.9174447,1.669252872467041,5.9174447,5.9174447
FD003,FD003_0095,213,127.0,96.17222595214844,106.32587,110.65925598144533,106.32587,106.32587
FD003,FD003_0096,358,113.0,86.90048217773438,97.901245,101.00912475585938,97.901245,97.901245
FD003,FD003_0097,95,123.0,130.79269409179688,132.01341,139.84910583496094,132.01341,132.01341
FD003,FD003_0098,182,17.0,17.960771560668945,15.5353155,11.617064476013184,15.5353155,14.5
FD003,FD003_0099,289,8.0,8.732763290405273,6.6251397,2.4545016288757324,6.6251397,6.6251397
FD003,FD003_0100,247,28.0,25.597116470336918,22.477173,19.117713928222656,22.477173,14.5
FD004,FD004_0001,230,22.0,27.63478279113769,25.280458,20.17829704284668,23.546532895858764,25.280458
FD004,FD004_0002,153,39.0,34.437110900878906,36.101013,32.92139434814453,34.237147147644045,36.101013
FD004,FD004_0003,141,107.0,129.78738403320312,132.71806,141.45614624023438,132.71806,132.71806
FD004,FD004_0004,208,75.0,93.68899536132812,83.718475,83.57655334472656,83.718475,83.718475
FD004,FD004_0005,51,149.0,126.10415649414062,124.781654,130.59408569335938,124.781654,124.781654
FD004,FD004_0006,146,78.0,88.26595306396484,78.928535,77.45452880859375,78.928535,78.928535
FD004,FD004_0007,54,94.0,119.97012329101562,96.5837,101.58685302734376,96.5837,96.5837
FD004,FD004_0008,248,14.0,14.131023406982422,11.835038,5.240666389465332,11.835038,11.835038
FD004,FD004_0009,284,99.0,114.31204986572266,105.298225,105.33626556396484,105.298225,105.298225
FD004,FD004_0010,23,162.0,133.3026123046875,133.15831,135.52459716796875,133.15831,133.15831
FD004,FD004_0011,82,143.0,130.00726318359375,128.71523,137.22601318359375,128.71523,128.71523
FD004,FD004_0012,270,7.0,7.644588947296143,5.572746,0.9361529350280762,5.572746,5.572746
FD004,FD004_0013,227,71.0,82.46410369873047,94.01279,92.76570892333984,94.01279,94.01279
FD004,FD004_0014,102,105.0,127.77586364746094,125.72858,131.75975036621094,125.72858,125.72858
FD004,FD004_0015,168,12.0,19.77025413513184,16.037607,14.482808113098145,16.037607,14.5
FD004,FD004_0016,240,160.0,119.6453094482422,127.895195,134.16409301757812,127.895195,127.895195
FD004,FD004_0017,334,162.0,101.4238739013672,113.15021,116.12899780273438,113.15021,113.15021
FD004,FD004_0018,247,104.0,97.81658935546876,103.312485,105.57103729248048,103.312485,103.312485
FD004,FD004_0019,24,194.0,132.52772521972656,132.75957,128.8334197998047,132.75957,132.75957
FD004,FD004_0020,115,82.0,95.827880859375,88.39127,85.43550872802734,88.39127,88.39127
FD004,FD004_0021,202,91.0,89.3958740234375,87.14196,87.21916198730469,87.14196,87.14196
FD004,FD004_0022,158,11.0,14.18987274169922,12.022111,4.172133922576904,12.022111,12.022111
FD004,FD004_0023,162,26.0,26.23946189880371,28.476395,21.13043212890625,28.476395,28.476395
FD004,FD004_0024,174,142.0,122.80247497558594,128.89058,137.3827362060547,128.89058,128.89058
FD004,FD004_0025,486,39.0,28.67778968811035,39.03569,34.56907653808594,37.61328833335877,39.03569
FD004,FD004_0026,90,92.0,80.67125701904297,75.702995,71.71485900878906,75.702995,75.702995
FD004,FD004_0027,144,76.0,65.26922607421875,67.533516,65.54559326171875,67.533516,67.533516
FD004,FD004_0028,20,124.0,133.499755859375,134.17714,130.17974853515625,134.17714,134.17714
FD004,FD004_0029,216,64.0,57.05711364746094,56.58912,53.62977981567383,56.58912,56.58912
FD004,FD004_0030,229,118.0,105.3740005493164,111.048546,115.12792205810548,111.048546,111.048546
FD004,FD004_0031,134,6.0,7.700766563415527,6.470241,0.0,6.470241,6.470241
FD004,FD004_0032,260,22.0,23.764516830444336,22.655342,17.11517333984375,22.655342,14.5
FD004,FD004_0033,107,147.0,129.5531005859375,127.68271,135.5381622314453,127.68271,127.68271
FD004,FD004_0034,361,126.0,102.00173950195312,110.18487,110.40911102294922,110.18487,110.18487
FD004,FD004_0035,278,36.0,45.09249496459961,42.500813,39.75941467285156,40.51245748261261,42.500813
FD004,FD004_0036,159,73.0,60.60368347167969,62.37679,57.211402893066406,62.37679,62.37679
FD004,FD004_0037,345,89.0,79.00825500488281,86.962975,89.74345397949219,86.962975,86.962975
FD004,FD004_0038,125,11.0,12.875385284423828,11.690859,5.271359920501709,11.690859,11.690859
FD004,FD004_0039,214,151.0,91.29039001464844,89.372734,90.13579559326172,89.372734,89.372734
FD004,FD004_0040,266,10.0,9.484210968017578,7.800252,0.0,7.800252,7.800252
FD004,FD004_0041,414,97.0,90.19380950927734,98.63137,97.11680603027344,98.63137,98.63137
FD004,FD004_0042,200,30.0,30.39197158813477,29.017708,21.6453914642334,29.017708,29.017708
FD004,FD004_0043,120,42.0,52.84623336791992,45.97204,39.50644302368164,45.97204,45.97204
FD004,FD004_0044,406,60.0,47.81239700317383,47.59394,41.7177734375,47.59394,47.59394
FD004,FD004_0045,78,85.0,119.29385375976562,111.24962,111.43083953857422,111.24962,111.24962
FD004,FD004_0046,37,134.0,131.3413543701172,130.81815,139.3529815673828,130.81815,130.81815
FD004,FD004_0047,224,34.0,34.925052642822266,33.91004,28.300180435180664,32.08450041107178,33.91004
FD004,FD004_0048,214,45.0,44.53444290161133,41.998314,36.04701614379883,41.998314,41.998314
FD004,FD004_0049,273,24.0,21.290233612060547,18.14746,14.325267791748049,18.14746,14.5
FD004,FD004_0050,206,86.0,75.96052551269531,72.55082,68.7205581665039,72.55082,72.55082
FD004,FD004_0051,137,119.0,129.83482360839844,128.55293,134.3563690185547,128.55293,128.55293
FD004,FD004_0052,58,151.0,130.95079040527344,131.76472,138.03346252441406,131.76472,131.76472
FD004,FD004_0053,67,142.0,132.62893676757812,131.88487,132.9571075439453,131.88487,131.88487
FD004,FD004_0054,81,176.0,128.39324951171875,127.32642,135.68565368652344,127.32642,127.32642
FD004,FD004_0055,103,157.0,132.44805908203125,133.02025,140.2521514892578,133.02025,133.02025
FD004,FD004_0056,180,67.0,63.03083038330078,59.255917,56.47109603881836,59.255917,59.255917
FD004,FD004_0057,121,97.0,121.34326171875,117.04836,118.42971801757812,117.04836,117.04836
FD004,FD004_0058,185,8.0,4.782701015472412,3.1244917,0.0,3.1244917,3.1244917
FD004,FD004_0059,37,154.0,132.328125,132.62852,144.26776123046875,132.62852,132.62852
FD004,FD004_0060,135,139.0,127.11591339111328,127.85913,131.50875854492188,127.85913,127.85913
FD004,FD004_0061,396,51.0,44.26229476928711,44.28994,39.61827087402344,43.40270942491532,44.28994
FD004,FD004_0062,240,33.0,33.33139419555664,26.932549,22.151935577392575,26.932549,26.932549
FD004,FD004_0063,158,184.0,131.2094268798828,129.31577,138.1370391845703,129.31577,129.31577
FD004,FD004_0064,251,46.0,51.71846389770508,50.239536,46.63064956665039,48.509772372947694,50.239536
FD004,FD004_0065,186,12.0,13.619733810424805,10.417879,3.3682985305786133,10.417879,10.417879
FD004,FD004_0066,97,133.0,127.20182037353516,123.36346,124.25615692138672,123.36346,123.36346
FD004,FD004_0067,150,46.0,52.49150466918945,49.194107,43.43672943115234,47.6852415243454,49.194107
FD004,FD004_0068,241,46.0,47.35773468017578,44.920883,45.03912734985352,44.920883,44.920883
FD004,FD004_0069,162,12.0,11.175275802612305,8.781208,1.441206932067871,8.781208,8.781208
FD004,FD004_0070,190,33.0,33.561893463134766,30.308973,24.817914962768555,30.308973,30.308973
FD004,FD004_0071,292,15.0,14.704437255859377,16.42004,10.749263763427734,16.42004,14.5
FD004,FD004_0072,118,176.0,130.2806396484375,130.4034,139.3640899658203,130.4034,130.4034
FD004,FD004_0073,149,23.0,33.294803619384766,32.668865,25.68902969360352,30.661713157882687,32.668865
FD004,FD004_0074,223,89.0,96.00100708007812,91.872635,90.51063537597656,91.872635,91.872635
FD004,FD004_0075,203,124.0,125.71351623535156,125.65432,133.36328125,125.65432,125.65432
FD004,FD004_0076,48,163.0,129.372314453125,129.45888,140.33187866210938,129.45888,129.45888
FD004,FD004_0077,108,25.0,31.650070190429688,30.978117,27.227542877197266,28.99024261130524,30.978117
FD004,FD004_0078,106,74.0,81.19088745117188,81.32785,77.14967346191406,81.32785,81.32785
FD004,FD004_0079,184,78.0,92.34486389160156,105.10255,108.56488800048828,105.10255,105.10255
FD004,FD004_0080,112,114.0,113.83753967285156,116.33529,120.09616088867188,116.33529,116.33529
FD004,FD004_0081,60,96.0,130.8832550048828,130.74832,139.89398193359375,130.74832,130.74832
FD004,FD004_0082,146,10.0,16.457401275634766,14.97922,9.305273056030272,14.97922,14.97922
FD004,FD004_0083,274,172.0,127.83486938476562,130.47243,138.61422729492188,130.47243,130.47243
FD004,FD004_0084,88,166.0,132.89370727539062,133.05626,136.69650268554688,133.05626,133.05626
FD004,FD004_0085,174,115.0,122.34461975097656,125.68789,127.96017456054688,125.68789,125.68789
FD004,FD004_0086,254,70.0,70.20155334472656,69.30793,67.38583374023438,69.30793,69.30793
FD004,FD004_0087,167,94.0,129.1350555419922,131.28749,140.09799194335938,131.28749,131.28749
FD004,FD004_0088,140,56.0,51.91131210327149,51.816345,47.39085006713867,51.816345,51.816345
FD004,FD004_0089,285,86.0,83.8929443359375,79.48051,79.03335571289062,79.48051,79.48051
FD004,FD004_0090,118,96.0,120.28663635253906,113.19018,121.17101287841795,113.19018,113.19018
FD004,FD004_0091,144,50.0,56.337928771972656,56.78966,52.35665130615234,56.78966,56.78966
FD004,FD004_0092,116,73.0,98.22843933105467,96.59384,100.78434753417967,96.59384,96.59384
FD004,FD004_0093,200,154.0,133.07049560546875,133.65987,142.74229431152344,133.65987,133.65987
FD004,FD004_0094,105,129.0,129.65687561035156,130.0504,136.8119354248047,130.0504,130.0504
FD004,FD004_0095,110,171.0,131.1316680908203,131.89507,134.47337341308594,131.89507,131.89507
FD004,FD004_0096,123,71.0,77.26880645751953,68.03317,68.12647247314453,68.03317,68.03317
FD004,FD004_0097,51,105.0,131.30056762695312,130.33235,140.11529541015625,130.33235,130.33235
FD004,FD004_0098,82,113.0,130.50790405273438,131.78476,137.00497436523438,131.78476,131.78476
FD004,FD004_0099,237,37.0,42.07509994506836,43.311752,40.94424819946289,41.64532987132263,43.311752
FD004,FD004_0100,196,7.0,9.129596710205078,7.1593676,0.0,7.1593676,7.1593676
FD004,FD004_0101,166,13.0,12.616747856140137,9.968411,6.319768905639648,9.968411,9.968411
FD004,FD004_0102,443,22.0,10.66486644744873,11.937237,5.398868560791016,11.937237,11.937237
FD004,FD004_0103,145,9.0,9.474187850952148,10.011638,5.799183368682861,10.011638,10.011638
FD004,FD004_0104,65,120.0,132.62832641601562,133.1715,139.06439208984375,133.1715,133.1715
FD004,FD004_0105,351,100.0,88.84972381591797,102.546196,107.32835388183594,102.546196,102.546196
FD004,FD004_0106,148,107.0,100.19095611572266,87.06205,89.59272766113281,87.06205,87.06205
FD004,FD004_0107,121,41.0,50.37360000610352,48.7497,44.89542007446289,46.792090942573545,48.7497
FD004,FD004_0108,145,153.0,128.47335815429688,131.24257,136.70712280273438,131.24257,131.24257
FD004,FD004_0109,66,126.0,133.08282470703125,132.7974,141.79066467285156,132.7974,132.7974
FD004,FD004_0110,348,59.0,66.39607238769531,69.28433,72.17820739746094,69.28433,69.28433
FD004,FD004_0111,342,18.0,16.52021026611328,15.11069,7.878390312194824,15.11069,14.5
FD004,FD004_0112,88,66.0,121.33150482177734,104.297424,111.078125,104.297424,104.297424
FD004,FD004_0113,132,13.0,14.669720649719238,15.901532,12.436842918395996,15.901532,14.5
FD004,FD004_0114,218,14.0,19.94889068603516,15.356521,7.707907676696777,15.356521,14.5
FD004,FD004_0115,82,139.0,126.58094787597656,126.582115,127.76170349121094,126.582115,126.582115
FD004,FD004_0116,161,13.0,7.485110759735107,10.376733,3.7333908081054688,10.376733,10.376733
FD004,FD004_0117,97,75.0,126.60459899902344,123.031494,124.47958374023438,123.031494,123.031494
FD004,FD004_0118,178,8.0,10.679097175598145,7.7102013,0.628659725189209,7.7102013,7.7102013
FD004,FD004_0119,228,109.0,83.22355651855469,92.158516,89.76554107666016,92.158516,92.158516
FD004,FD004_0120,170,137.0,119.35261535644533,112.74087,119.08116912841795,112.74087,112.74087
FD004,FD004_0121,194,41.0,41.775577545166016,38.429794,34.191768646240234,36.73416333040619,38.429794
FD004,FD004_0122,117,192.0,131.74232482910156,131.80128,136.68124389648438,131.80128,131.80128
FD004,FD004_0123,236,23.0,28.211456298828125,25.08572,21.45520782470703,23.353954848976134,25.08572
FD004,FD004_0124,230,86.0,66.10508728027344,63.849712,58.65821075439453,63.849712,63.849712
FD004,FD004_0125,21,184.0,131.41993713378906,131.40665,126.23906707763672,131.40665,131.40665
FD004,FD004_0126,220,15.0,25.047060012817383,24.658216,20.72348976135254,22.65321326295471,14.658216
FD004,FD004_0127,98,195.0,128.80282592773438,130.04457,138.45858764648438,130.04457,130.04457
FD004,FD004_0128,139,126.0,129.99212646484375,128.88248,135.53271484375,128.88248,128.88248
FD004,FD004_0129,315,120.0,106.92550659179688,108.24638,114.18999481201172,108.24638,108.24638
FD004,FD004_0130,107,165.0,103.68431854248048,103.93192,104.09276580810548,103.93192,103.93192
FD004,FD004_0131,193,101.0,105.5402374267578,102.22059,106.74874877929688,102.22059,102.22059
FD004,FD004_0132,115,116.0,112.57869720458984,106.917854,108.6524658203125,106.917854,106.917854
FD004,FD004_0133,74,126.0,131.50729370117188,132.98537,139.8780059814453,132.98537,132.98537
FD004,FD004_0134,266,36.0,39.37306594848633,34.455498,31.638925552368164,32.748069544647215,34.455498
FD004,FD004_0135,435,7.0,3.4817652702331543,4.9970107,0.0,4.9970107,4.9970107
FD004,FD004_0136,56,122.0,131.025634765625,132.00133,140.5496826171875,132.00133,132.00133
FD004,FD004_0137,291,159.0,122.15320587158205,125.72604,133.84959411621094,125.72604,125.72604
FD004,FD004_0138,239,88.0,104.54464721679688,116.784454,119.58850860595705,116.784454,116.784454
FD004,FD004_0139,88,173.0,132.40731811523438,133.21526,142.55181884765625,133.21526,133.21526
FD004,FD004_0140,160,146.0,117.6251220703125,123.72779,129.54295349121094,123.72779,123.72779
FD004,FD004_0141,19,130.0,133.45359802246094,132.70827,126.88239288330078,132.70827,132.70827
FD004,FD004_0142,69,108.0,133.12803649902344,133.75371,139.84402465820312,133.75371,133.75371
FD004,FD004_0143,327,53.0,59.00371551513672,60.201263,59.62804412841797,60.201263,60.201263
FD004,FD004_0144,34,162.0,133.3001251220703,130.73982,134.80941772460938,130.73982,130.73982
FD004,FD004_0145,102,59.0,71.65755462646484,68.179726,66.5855484008789,68.179726,68.179726
FD004,FD004_0146,84,100.0,128.8498992919922,130.69292,139.50779724121094,130.69292,130.69292
FD004,FD004_0147,116,56.0,89.2489242553711,85.05613,82.63870239257812,85.05613,85.05613
FD004,FD004_0148,126,145.0,106.23800659179688,115.170006,116.17520904541016,115.170006,115.170006
FD004,FD004_0149,320,76.0,76.03691864013672,72.77473,70.2878189086914,72.77473,72.77473
FD004,FD004_0150,202,57.0,57.10821914672852,51.246147,45.1466064453125,51.246147,51.246147
FD004,FD004_0151,285,31.0,24.354188919067383,22.607147,15.634760856628418,22.607147,14.5
FD004,FD004_0152,195,88.0,93.40257263183594,90.259285,94.64225006103516,90.259285,90.259285
FD004,FD004_0153,130,173.0,125.28723907470705,122.4735,126.11761474609376,122.4735,122.4735
FD004,FD004_0154,122,34.0,47.89097595214844,48.19668,46.31443405151367,48.19668,48.19668
FD004,FD004_0155,161,7.0,9.774152755737305,9.088229,1.1592903137207031,9.088229,9.088229
FD004,FD004_0156,28,133.0,132.44248962402344,132.91518,132.25094604492188,132.91518,132.91518
FD004,FD004_0157,138,172.0,127.17401123046876,126.1488,128.98123168945312,126.1488,126.1488
FD004,FD004_0158,171,6.0,8.725077629089355,9.188339,2.609890937805176,9.188339,9.188339
FD004,FD004_0159,160,22.0,30.013580322265625,26.68816,23.149396896362305,25.39559560791016,26.68816
FD004,FD004_0160,122,83.0,120.64146423339844,124.61999,131.27615356445312,124.61999,124.61999
FD004,FD004_0161,257,82.0,77.71815490722656,74.05352,71.43273162841797,74.05352,74.05352
FD004,FD004_0162,99,84.0,122.12753295898438,117.46798,119.77288818359376,117.46798,117.46798
FD004,FD004_0163,122,95.0,115.8530044555664,113.65417,114.39594268798828,113.65417,113.65417
FD004,FD004_0164,29,174.0,133.8287811279297,133.87671,130.13063049316406,133.87671,133.87671
FD004,FD004_0165,178,111.0,128.50067138671875,130.67978,135.43833923339844,130.67978,130.67978
FD004,FD004_0166,63,72.0,129.70242309570312,131.18849,136.44644165039062,131.18849,131.18849
FD004,FD004_0167,99,109.0,126.42159271240234,126.62557,130.52928161621094,126.62557,126.62557
FD004,FD004_0168,74,87.0,93.20326232910156,99.54526,97.26795959472656,99.54526,99.54526
FD004,FD004_0169,34,179.0,130.4575958251953,129.76907,133.4381103515625,129.76907,129.76907
FD004,FD004_0170,48,158.0,131.20266723632812,131.03503,142.21270751953125,131.03503,131.03503
FD004,FD004_0171,355,126.0,109.6342315673828,117.53166,116.19607543945312,117.53166,117.53166
FD004,FD004_0172,132,12.0,16.479419708251953,18.843987,12.856508255004885,16.967555415641783,14.5
FD004,FD004_0173,151,8.0,3.6181347370147705,2.9369853,0.0,2.9369853,2.9369853
FD004,FD004_0174,135,10.0,15.698256492614746,13.679919,7.092446327209473,13.679919,13.679919
FD004,FD004_0175,116,123.0,120.06492614746094,120.20674,125.57159423828124,120.20674,120.20674
FD004,FD004_0176,185,103.0,104.4269027709961,113.87787,118.45022583007812,113.87787,113.87787
FD004,FD004_0177,146,12.0,19.62145233154297,26.81335,20.862762451171875,25.497441448783874,26.81335
FD004,FD004_0178,279,106.0,100.53670501708984,104.67563,101.9443359375,104.67563,104.67563
FD004,FD004_0179,262,12.0,14.143850326538086,11.289426,9.547783851623535,11.289426,11.289426
FD004,FD004_0180,367,32.0,24.557281494140625,25.411903,18.84257125854492,25.411903,25.411903
FD004,FD004_0181,199,37.0,25.767446517944336,24.648216,17.209590911865234,24.648216,14.648216
FD004,FD004_0182,98,116.0,127.046630859375,125.21815,133.37704467773438,125.21815,125.21815
FD004,FD004_0183,125,15.0,15.981447219848633,17.867739,13.392230987548828,16.166327514328003,14.5
FD004,FD004_0184,154,10.0,9.907132148742676,8.298415,0.8214340209960938,8.298415,8.298415
FD004,FD004_0185,203,46.0,34.98208999633789,38.157608,35.72846221923828,38.157608,38.157608
FD004,FD004_0186,47,142.0,130.49935913085938,130.4271,141.80398559570312,130.4271,130.4271
FD004,FD004_0187,121,24.0,27.57855987548828,33.824543,30.81725311279297,33.824543,33.824543
FD004,FD004_0188,157,135.0,119.13365173339844,122.01229,129.76747131347656,122.01229,122.01229
FD004,FD004_0189,107,56.0,106.23638916015624,104.89986,110.51814270019533,104.89986,104.89986
FD004,FD004_0190,200,43.0,47.364864349365234,50.06565,46.7041130065918,48.0938562292099,50.06565
FD004,FD004_0191,71,178.0,132.51177978515625,132.80469,141.0861053466797,132.80469,132.80469
FD004,FD004_0192,203,71.0,92.76538848876952,94.08059,98.6151351928711,94.08059,94.08059
FD004,FD004_0193,263,104.0,111.05160522460938,120.82633,126.05177307128906,120.82633,120.82633
FD004,FD004_0194,214,15.0,13.93416976928711,13.518524,6.15726900100708,13.518524,13.518524
FD004,FD004_0195,186,166.0,128.3503875732422,127.81922,130.77682495117188,127.81922,127.81922
FD004,FD004_0196,70,89.0,125.56004333496094,124.96896,131.7791290283203,124.96896,124.96896
FD004,FD004_0197,196,36.0,37.54838180541992,35.15393,31.76477813720703,33.47165017478943,35.15393
FD004,FD004_0198,115,11.0,10.669686317443848,10.496242,3.0759639739990234,10.496242,10.496242
FD004,FD004_0199,177,92.0,94.43328857421876,91.837814,92.2087860107422,91.837814,91.837814
FD004,FD004_0200,115,96.0,101.6411361694336,108.09884,111.17640686035156,108.09884,108.09884
FD004,FD004_0201,139,59.0,84.2901611328125,77.76733,78.87429809570312,77.76733,77.76733
FD004,FD004_0202,222,13.0,11.06991958618164,10.287848,4.430428981781006,10.287848,10.287848
FD004,FD004_0203,87,167.0,131.46844482421875,131.72661,135.57162475585938,131.72661,131.72661
FD004,FD004_0204,19,151.0,132.50225830078125,132.74423,132.28781127929688,132.74423,132.74423
FD004,FD004_0205,95,154.0,119.8895263671875,100.18678,104.3160629272461,100.18678,100.18678
FD004,FD004_0206,291,109.0,102.86297607421876,106.60167,113.07958221435548,106.60167,106.60167
FD004,FD004_0207,179,116.0,127.78201293945312,128.46892,132.50962829589844,128.46892,128.46892
FD004,FD004_0208,180,91.0,95.89549255371094,92.94294,91.76448822021484,92.94294,92.94294
FD004,FD004_0209,171,11.0,24.03598022460937,22.182882,14.841565132141112,22.182882,14.5
FD004,FD004_0210,135,88.0,73.12983703613281,77.33166,75.24227905273438,77.33166,77.33166
FD004,FD004_0211,206,108.0,113.80943298339844,106.70445,105.64093780517578,106.70445,106.70445
FD004,FD004_0212,261,76.0,76.94537353515625,81.822556,81.50216674804688,81.822556,81.822556
FD004,FD004_0213,288,14.0,18.115358352661133,15.54391,12.521284103393556,15.54391,14.5
FD004,FD004_0214,102,89.0,79.08203125,78.91017,77.0818099975586,78.91017,78.91017
FD004,FD004_0215,72,145.0,131.773193359375,130.49947,139.1075439453125,130.49947,130.49947
FD004,FD004_0216,264,17.0,16.277706146240234,14.766821,12.173121452331545,14.766821,14.766821
FD004,FD004_0217,141,66.0,71.18084716796875,64.26983,62.38849258422852,64.26983,64.26983
FD004,FD004_0218,63,154.0,128.01748657226562,125.020775,129.6793975830078,125.020775,125.020775
FD004,FD004_0219,110,41.0,50.64335250854492,50.971092,46.4455451965332,49.234679474823,50.971092
FD004,FD004_0220,65,182.0,131.08831787109375,131.66008,134.8882598876953,131.66008,131.66008
FD004,FD004_0221,176,73.0,82.45278930664062,78.2351,77.41280364990234,78.2351,78.2351
FD004,FD004_0222,178,39.0,39.366329193115234,38.89669,36.673828125,37.94588338226318,38.89669
FD004,FD004_0223,305,58.0,59.0102653503418,56.116486,55.19709777832031,54.3189641703949,56.116486
FD004,FD004_0224,152,14.0,11.855121612548828,10.358369,2.7494378089904785,10.358369,10.358369
FD004,FD004_0225,39,145.0,133.01089477539062,132.40123,145.23362731933594,132.40123,132.40123
FD004,FD004_0226,59,88.0,116.64879608154295,125.77782,133.8567657470703,125.77782,125.77782
FD004,FD004_0227,62,162.0,133.0826416015625,133.08191,138.97793579101562,133.08191,133.08191
FD004,FD004_0228,126,189.0,131.66510009765625,131.29126,140.0340576171875,131.29126,131.29126
FD004,FD004_0229,20,120.0,132.73153686523438,133.12181,129.30860900878906,133.12181,133.12181
FD004,FD004_0230,157,98.0,108.28070831298828,100.95312,105.76485443115234,100.95312,100.95312
FD004,FD004_0231,230,33.0,26.77326202392578,25.815483,20.713642120361328,25.815483,25.815483
FD004,FD004_0232,370,184.0,132.21395874023438,133.31993,140.29698181152344,133.31993,133.31993
FD004,FD004_0233,111,110.0,132.0233154296875,131.25108,139.30137634277344,131.25108,131.25108
FD004,FD004_0234,179,68.0,56.54252624511719,53.997475,48.67204284667969,53.997475,53.997475
FD004,FD004_0235,362,24.0,26.043018341064453,26.648415,21.000713348388672,24.966178805389404,26.648415
FD004,FD004_0236,176,75.0,71.36676025390625,77.55815,73.81299591064453,77.55815,77.55815
FD004,FD004_0237,221,18.0,11.18433952331543,13.182545,5.864152908325195,13.182545,13.182545
FD004,FD004_0238,177,16.0,13.348469734191896,13.181602,6.997692108154297,13.181602,13.181602
FD004,FD004_0239,28,166.0,133.6309814453125,133.1695,132.63746643066406,133.1695,133.1695
FD004,FD004_0240,204,98.0,32.74014663696289,30.280771,27.24495887756348,30.280771,30.280771
FD004,FD004_0241,42,176.0,129.68698120117188,130.7546,143.283935546875,130.7546,130.7546
FD004,FD004_0242,112,81.0,113.07365417480467,112.55878,113.89173889160156,112.55878,112.55878
FD004,FD004_0243,199,118.0,94.46631622314452,81.87709,84.59668731689453,81.87709,81.87709
FD004,FD004_0244,184,35.0,38.62929153442383,37.85708,31.172252655029297,37.85708,37.85708
FD004,FD004_0245,63,131.0,130.0115203857422,130.46228,135.07826232910156,130.46228,130.46228
FD004,FD004_0246,29,194.0,133.28675842285156,133.02876,128.19277954101562,133.02876,133.02876
FD004,FD004_0247,94,112.0,89.83673095703125,84.0675,84.07492065429688,84.0675,84.0675
FD004,FD004_0248,281,26.0,31.51544189453125,30.683458,24.81991958618164,29.090696841056825,30.683458
